ASIN;SKU;FAMILY;TITLES
B09BHV4DWG;11847;CAPELLI;Bellissima Imetec Air Wonder, Spazzola ad Aria Calda, Tecnologia a ioni, Spazzole Rivestite in Ceramica e Cheratina, Asciuga, Dona Volume, 8 Accessori, 1000 W
B082WSYYCX;11523;CAPELLI;Bellissima Imetec Asciugacapelli K9 2300 Asciuga e Mantiene Idratati i Capelli senza Effetto Crespo, 2300 W, Tecnologia a Ioni, 8 Combinazioni Flusso d'Aria Temperatura, Diffusore capellli ricci
B082WSZXHB;11520;CAPELLI;Bellissima Imetec Asciugacapelli S9 2200 Asciuga e Modella con Precisione, 2200 W, 8 Combinazioni Flusso d'Aria Temperatura, Beccuccio di precisione, Colpo aria fredda
B072MSQDQG;11494X;CAPELLI;Bellissima Imetec B26 100 Piastra per Capelli Lunghi o Difficili da Disciplinare, Formato Extra Large, Rivestimento in Ceramica, 160° C - 230° C
B00RP0J7AW;11140X;CAPELLI;Bellissima Imetec B9 100 Piastra per Capelli, Piastra extralunghe, Riscaldamento Rapido, Multivoltaggio Automatico, Temperatura 210°, cavo giravole
B079FN8N4T;11640;CAPELLI;Bellissima Imetec BM 200 Piastra Mini per Capelli Lisci e Luminosi, Temperatura 200°, Multivoltaggio Automatico, Dimensioni Compatte da Viaggio
B0BQC5XRMF;11789;CAPELLI;Bellissima Imetec Ceramic & Argan Oil 6 in 1, Spazzola ad Aria Calda, 6 Accessori, Tecnologia a Ioni, Spazzole Rivestite in Ceramica e Olio di Argan, Asciuga e dona Volume, Colpo aria fredda, 1000 W
B09CTY5P2L;11826;CAPELLI;Bellissima Imetec Creativity 4 You, Asciugacapelli Professionale, 4 Accessori, Diffusore, Controllo Intelligente della temperatura, Ion Technology, Beauty Bag, 2 velocità, 3 temperature, 1800 W
B00HLUUNOK;11811X;CAPELLI;Bellissima Imetec Creativity B15 50 Piastra per Capelli, Styling Liscio o Mosso, Rivestimento in Nanoceramica, Regolazione della Temperatura da 140°C a 230°C, Piastre Oscillanti
B075RGG4Y5;11504X;CAPELLI;Bellissima Imetec Creativity B27 100 Piastra Per Capelli Con Rivestimento In Ceramica E Controllo Della Temperatura, Temperatura regolabile 150°C / 230°C
B00VYLJ4H4;11144X;CAPELLI;Bellissima Imetec Creativity B9 300 Piastra per Capelli, Styling Liscio o Mosso, Rivestimento in Ceramica, Regolazione Temperatura da 150°C a 230°C, Sistema Riscaldamento Rapido
B015O6A68K;11249X;CAPELLI;Bellissima Imetec Creativity B9 400 Piastra per Capelli, Styling Liscio o Mosso, Rivestimento in Ceramica e Cheratina, Piastre Arrotondate
B09ZJ9QXZY;11849;CAPELLI;Bellissima Imetec Creativity Ceramic & Tourmaline, Piastra per Capelli, Liscio o Mosso, Rivestimento in Ceramica e tormalina, Regolazione Temperatura da 150-230°C, Riscaldamento Rapido
B01N55NF5G;11420X;CAPELLI;Bellissima Imetec Creativity Color Shine B22 100 Piastra per Capelli Colorati, Rivestimento in Tessuto per la Protezione dei Capelli, temperatura regolabile da 150°C a 230°C
B0BFBDBJK2;11735;CAPELLI;Bellissima Imetec Diffon Ceramic & Argan Oil, Diffusore ad Aria Calda per Capelli Ricci, Tecnologia Ceramica e Olio di Argan, 2 Livelli Aria/Temperatura, Asciugatura Delicata, 700 W
B09SGB55N4;11824;CAPELLI;Bellissima Imetec Diffon Supreme, Diffusore ad Aria Calda per Capelli Ricci, Diffusore XL con 12 Dita, Tecnologia Ceramica&Argan Oil, 2 Velocità, 3 Temperature, Asciugatura Delicata
B00N4K5PDK;11234X;CAPELLI;Bellissima Imetec GH16 400 Spazzola ad Aria Modellante con 2 Accessori di Styling, Diametro 25 mm, Potenza 400 W, 2 Combinazioni Flusso d'Aria/Temperatura, Puntale Antiscottatura
B00SKVYB6K;11236X;CAPELLI;Bellissima Imetec GT13 50 Arricciacapelli, Rivestimento in Ceramica, 7 Diversi Livelli di Temperatura da 150°C a 210°C, Diametro di 25 mm, Riscaldamento Rapido, Pronto all'Uso
B00VRGPXF8;11225X;CAPELLI;Bellissima Imetec GT15 100 Arricciacapelli, Ricci Brillanti e Definiti, Diametro 19 mm, Rivestimento in Ceramica, Riscaldamento Rapido, Pronto all'Uso
B075RFR2CV;11424X;CAPELLI;Bellissima Imetec GT15 200 Ferro Arricciacapelli con Rivestimento in Ceramica, Forma Conica, Controllo della Temperatura
B06WP9PPT6;11493X;CAPELLI;Bellissima imetec Intellisense B24 100 piastra intelligente, capelli lisci o mossi, protetti senza calore eccessivo, temperatura automatica su misura per tutti i capelli, rivestimento in ceramica
B0B9HC9HSR;11900;CAPELLI;Bellissima Imetec Kit Bellezza Capelli con Asciugacapelli Professionale, Tecnologia Ceramica e Cheratina e Piastra Lisciante a Vapore, Rivestimento in Ceramica e Cheratina, idea regalo
B07FYHM3QY;11539;CAPELLI;Bellissima Imetec Magic Straight Brush PB11 100 Spazzola Elettrica Lisciante, 3 Lati Esterni Riscaldati, Spegnimento automatico, Tecnologia a Ioni, Ceramica, 160 C°- 210°C
B07S5L9937;11725;CAPELLI;Bellissima Imetec My Pro Creativity Infrared B8 200, piastra lisciante, tecnologia raggi infrarossi, rivestimento in ceramica e cheratina, 11 livelli di temperatura da 130 °C a 230 °C, cavo 1,8 m
B08X7BYVZQ;11739;CAPELLI;Bellissima Imetec My Pro Revolution BHS4 1100, Spazzola ad Aria Calda, Asciuga e Modella, Rotazione Automatica a Doppio Verso, 2 Spazzole da 40 e 50 mm, Ionizzatore, 1000 W, Rivestimento in Ceramica
B015O6A6GM;11463X;CAPELLI;Bellissima Imetec P11 2300 Asciugacapelli Professionale, 2300 W, Rivestimento in Ceramica e Tormalina, 8 Combinazioni Aria/Temperatura, Beccuccio Stretto, Diffusore capelli ricci
B00O4QVS66;11312X;CAPELLI;Bellissima Imetec P2 2200 Asciugacapelli Professionale, Potenza 2200 W, Tecnologia a Ioni per Idratare i Capelli e Ridurre l'Effetto Crespo, 8 Combinazioni Aria/Temperatura, Beccuccio Stretto
B07Y8DPHCL;11728;CAPELLI;Bellissima Imetec P3 3400 Asciugacapelli con Motore AC professionale, Tecnologia a Ioni per Capelli morbidi, Idratati e Luminosi, Griglia Rivestita in Ceramica, 2400 W di Potenza
B00G3DNXIE;11072X;CAPELLI;Bellissima Imetec S5 2200 Asciugacapelli, 2200 W, Asciugatura Rapida e Styling a Lunga Durata, 8 Combinazioni Aria/Temperatura, Colpo d'Aria Fredda
B0BNL2X57R;11758;CAPELLI;Bellissima Imetec Steam Ceramic & Argan Oil, Piastra lisciante a Vapore, Rivestimento in Ceramica e Olio di Argan, 3 Livelli di Temperatura, Riscaldamento Rapido, Piastre Oscillanti, Autospegnimento
B09BJ7LNR6;11808;CAPELLI;Bellissima Imetec Steam Elixir, Piastra a Vapore, Capelli lisci in Una Sola Passata Senza Danni, Rivestimento in Ceramica e Olio Argan, Rapido Riscaldamento, 4 Temperature, Tappetino Termoresistente
B06WGV3DBP;11619Y;CAPELLI;Bellissima My Pro Imetec Beach Waves Gt20 100 Piastra Per Capelli A Onde Larghe E Strette, Rivestimento in ceramica, temperatura regolabile
B08NKXBJX1;11738;CAPELLI;Bellissima My Pro Imetec Beach Waves Gt20 400 Piastra Per Capelli per onde larghe e strette, Rivestimento In Ceramica, temperatura regolabile 160 C°- 200°C
B07JVLQ38M;31002;CAPELLI;Bellissima My Pro Imetec Ceramic P5 3800 Asciugacapelli Professionale Per Capelli Morbidi E Luminosi, Tecnologia Ceramica, 2300 W
B08LVXG2V1;11799;CAPELLI;Bellissima My Pro Imetec Diffon Ceramic, Diffusore ad Aria Calda per Capelli Ricci, Tecnologia Ceramica, 700 W, 2 Combinazioni Aria/Temperatura, Asciugatura Delicata Senza Effetto Crespo
B07W3VJQZD;11726;CAPELLI;Bellissima My Pro Imetec GH18 1100 Modellatore ad Aria, Rivestimento spazzole in Ceramica, 5 Accessori per Realizzare Capelli Lisci e Luminosi, a Onde morbide o Ricci Stretti, 1000 W
B08J8XNFNC;11768;CAPELLI;Bellissima My Pro Imetec GT22 110, Accessorio Soft Curls per Styler Arricciacapelli Twist & Style, Ferro Riscaldato da 25 mm, Rivestimento in Ceramica, Temperatura 185°C
B08J8XCSH4;11769;CAPELLI;Bellissima My Pro Imetec GT22 120, Accessorio Sculpted Curls per Styler Arricciacapelli Twist & Style, Ferro Riscaldato da 11 mm, Rivestimento in Ceramica, Temperatura 185°C
B08J8XCSHB;11770;CAPELLI;Bellissima My Pro Imetec GT22 130, Accessorio Loose Waves per Styler Arricciacapelli Twist&Style, Ferro Riscaldato ad Ellisse, Diametro da 26 a 38 mm, Rivestimento Ceramica, Temperatura 190°C
B08J8XN21F;11772;CAPELLI;Bellissima My Pro Imetec GT22 140 Accessorio Glamour Waves per Styler Arricciacapelli Twist&Style, Ferro Riscaldato Forma Conica, Diametro 13/38 mm, Rivestimento in Ceramica, Temperatura 190°C
B09CTZ6WKM;11837;CAPELLI;Bellissima My Pro Imetec GT22 150 Accessorio Mermaid Waves per Styler Arricciacapelli Twist&Style, Ferro Riscaldato Forma Bubbles, Diametro 25 mm, Rivestimento in Ceramica, Temperatura 190°C
B09CTZZGFY;11838;CAPELLI;Bellissima My Pro Imetec GT22 160, Accessorio Hollywood Waves per Styler Arricciacapelli Twist&Style, Rivestimento in ceramica, Temperatura 190°C, Ovale, Diametro 38 x 25 mm
B07S5L8VYG;11737;CAPELLI;Bellissima My Pro Imetec Magic Style Brush P2 30 Spazzola Riscaldata, Capelli Liscio Effetto Naturale/Mosso Sostenuto, Diametro 30 mm, Tecnologia a Ioni, Rivestimento Ceramica
B07FZ4PVRP;31001A;CAPELLI;Bellissima My Pro Imetec Steam B28 100 Piastra per Capelli Professionale a Vapore, Effetto Liscio a Lungo, Ceramica, Temperatura Regolabile 170°C - 200°C - 230°C, Riscaldamento Rapido
B08J8XH5BH;11749;CAPELLI;Bellissima My Pro Imetec Twist & Style GT22 100, Manico per Styler Arricciacapelli per Onde e Ricci, Temperatura Automatica, Riscaldamento Rapido, Orientabile a 90°, Accessori non Inclusi
B0BFGMJSV6;11840;CAPELLI;Bellissima Imetec Twist&Style arricciacapelli, manico + 4 accessori per ricci e onde, temperatura automatica, riscaldamento rapido, rivestimento in ceramica, orientabile a 90°, idea regalo
B015O6AFPE;11363X;CAPELLI;Imetec C20 2100 Asciugacapelli, 2100 W, Beccuccio Orientabile, Diffusore Professionale, Funzione Fast Drying per un'Asciugatura Rapida, 4 Combinazioni Aria/Temperatura, Colpo Aria Fredda, Cavo 1.8 m
B07Y8DHN3F;11657A;CAPELLI;Imetec ECO SE9 1000 Asciugacapelli con Tecnologia Eco Technology 1400 W, Consumo Energetico Ridotto, 8 Combinazioni Aria/Temperatura, Diffusore per Capelli Ricci
B093C19CSD;11817;CAPELLI;Imetec Salon Expert P3 3600 Asciugacapelli, Motore Professionale, 2200 W, Ionizzatore, Griglia Ceramica e tormalina, 8 combinazioni aria temperatura, Concentratore e Diffusore Professionali
B079Z9GXQS;11347A;CAPELLI;Imetec Salon Expert P5 3600 Asciugacapelli Professionale, 2300 W, Griglia con Rivestimento in Ceramica e Cheratina, Tecnologia a Ioni, 8 Combinazioni Aria/Temperatura, 2 Beccucci
B0987D6J4J;4032;CONVENZIONALE;Imetec Compact Air, Termoventilatore piccolo e potente, Stufetta Elettrica, 2000 W, maniglia integrata, temperatura regolabile, funzione antigelo, dispositivo di protezione dai surriscaldamenti
B0987BBB14;4035;CONVENZIONALE;Imetec Eco Ceramic Diffusion, Stufetta elettrica, Termoventilatore, Corpo Oscillante, Tecnologia Ceramica, Basso Consumo Energetico, 6 Funzioni di Temperatura, Timer
B0987C1JFD;4033;CONVENZIONALE;Imetec Eco Ceramic, Termoventilatore, Stufetta elettrica, Tecnologia Ceramica, Basso Consumo Energetico, Silenzioso, 3 Livelli di Temperatura, Termostato Ambiente
B0987CNV93;4034;CONVENZIONALE;Imetec Eco Rapid, Stufa Elettrica 2000 W, Tecnologia a Basso Consumo Energetico, Termoconvettore 4 Temperature, Termostato Ambiente, Silenzioso
B0987B62CP;4028;CONVENZIONALE;Imetec Silent Power Comfort, Termoventilatore silenzioso e compatto, Stufetta Elettrica, 2100 W, 4 funzioni, termostato ambiente e di sicurezza, funzione antigelo, maniglia
B0987BTDT2;4030;CONVENZIONALE;Imetec Silent Power Eco, Termoventilatore Silenzioso, Stufetta Elettrica, Tecnologia ECO -35% Consumo Energetico, 2100 W, Funzione Antigelo, Temperatura Regolabile, 4 Funzioni, Termostato Ambiente
B0987D9K2X;4029;CONVENZIONALE;Imetec Silent Power Protection, Termoventilatore silenzioso, 2100 W, Stufetta Elettrica, Timer spegnimento programmabile, temperatura regolabile, 4 funzioni, termostato ambiente, funzione antigelo
B0987C6H2S;4031;CONVENZIONALE;Imetec Silent Power Pure, Termoventilatore silenzioso con ionizzatore e timer di autospegnimento, Stufetta Elettrica, 2100 W, funzione antigelo, temperatura regolabile, 4 funzioni
B08NPG5D5Y;7471;CUCINA;Imetec BuonFrullato, Frullatore Compatto, Bicchiere in Plastica BPA Free, Capacità 700 ml, Coperchio Dosa Liquidi, 400 W
B0BDVBHWWD;7503;CUCINA;Imetec Cakelover, Impastatrice Planetaria di 5 lt per Dolci, Creme, Pizza, Pane, Pasta - 1500w, 6 Velocità, con Ciotola in Acciaio Inox, Doppio Gancio, Fruste - Design Compatto, Ricettario Incluso
B08JVC7VB4;7485;CUCINA;Imetec Crea&Crema Sbattitore Elettrico, Fruste Extralunghe per Impasti Dolci e Panna Montata, Ganci Acciaio Inox per Impastare, 5 Velocità, Funzione Turbo, Design Ergonomico, 500 W
B08HS77R9B;7494;CUCINA;Imetec Cukò Maestro, Robot da cucina con cottura, 20 programmi, 10 funzioni, Impasta Pane e Pizza, capienza 2 L, Fino a 6 porzioni, 8 accessori, ricettario, 1000 W
B00FM266R2;7786;CUCINA;Imetec Dolcevita ES4 Bilancia Elettronica da Cucina, Pesa Solidi e Liquidi, Contenitore Estraibile, Scala Graduata, Portata 5 Kg, Divisione 1 g, Funzione Tara, Display Digitale, Spegnimento Automatico
B08NP5M6D4;7479;CUCINA;Imetec FrescoAroma Macina Caffè e Spezie, Pepe, Zucchero, Frutta Secca Elettrico con Lame in Acciaio Inox, Contenitore Salva-Freschezza, Funzionamento a Impulsi, 150 W
B09K7ZS81N;7502;CUCINA;Imetec FriggiLeggero - Friggitrice ad aria multifunzione, 12 programmi, Riscaldamento rapido, 18 L, 1550 W, Comandi digitali, Cestello, Griglia, Leccarda, Ricettario, 40x36x34,5 cm
B08NK25BLP;7599;CUCINA;Imetec Frulla&Crea Frullatore a Immersione, 3 Accessori, Tritatutto, Frusta e Bicchiere BPA free, Piede Large, 2 Velocità, 1000 W, 15000 Giri Minuto
B08RYGFL21;7472;CUCINA;Imetec Frulla&Gusta, Frullatore con 4 lame in acciaio inox, bicchiare in vetro, 2 velocità e funzionamento impulsi, 500 W, capienza 800 ml, lavabile lavastoviglie, piedini antiscivolo
B08NPF5HWD;7870;CUCINA;Imetec Frulla&Trita Frullatore a Immersione, Lame in Acciaio Inox, Piede Extra Large, Gambo Estraibile, Bicchiere graduato da 1 Litro, 800 Watt, 15.000 Giri Minuto
B09CYDKRZ6;7500;CUCINA;Imetec FrullaFacile, Frullatore a Immersione, Gambo XL, Lame in Acciaio Inox, Funzionamento a Impulsi, Bicchiere Graduato da 700 ml BPA Free, 800 W, Impugnatura Ergonomica
B08NPR9BYM;7478;CUCINA;Imetec FrullaRapido, Frullatore a Immersione, Gambo XL in Acciaio, Lame in Acciaio Inox, Funzionamento a Impulsi, 450 W
B09CYM6KR3;7912;CUCINA;"Imetec FrullaRapido+, Frullatore a Immersione, Gambo XL in Acciaio, Lame in Acciaio Inox, Funzionamento a Impulsi, Bicchiere graduato da 700 ml BPA Free, 800 W
"
B08JVCHZF3;7499;CUCINA;"Imetec FrullaTutto Frullatore, Lame Tritaghiaccio in Acciaio Inox, Bicchiere da 800 ml in Vetro Antigraffio, 2 Velocità, Funzionamento Impulsi, 500 W, 2 Velocità, Lavabile Lavastoviglie
"
B08R7NSVL5;7477;CUCINA;Imetec GranToast, tostapane per toast extra farciti, fessure XL, pinze a fondo chiuso apribili a 360° e regolabili in larghezza, 600 W, 10 livelli doratura, Timer
B08XBZV29G;7480;CUCINA;Imetec Grattugissima, grattuggia elettrica per formaggio, pane e frutta secca, Contenitore estraibile, coperchio salvafreschezza, 150 W, rullo in acciacio, accessori lavabili in lavastoviglie
B08JV8FFYH;7481;CUCINA;Imetec Griglia&Gusta Bistecchiera, Piastre Antiaderenti Removibili, Rivestimento Triplo Strato al Titanio Stone-Look, Grill con 7 Posizioni, 3 Funzioni di Cottura, Thermo Control, 2000 Watt
B01JOL22Y2;7808;CUCINA;Imetec HB3 Frullatore a Immersione, Gambo Large Estraibile, Lame in Acciaio Inox, Funzionamento a Impulsi, 450 W
B08JV9VVQT;7492;CUCINA;Imetec La Grattugia, grattugia elettrica, Rullo in Acciaio Inox, Tramoggia in Alluminio, Contenitore Estraibile con Coperchio Salvafreschezza, Sistema di Sicurezza, 150 W
B08JV7QK54;7489T;CUCINA;Imetec La Panetteria +Zeroglu, Macchina per Pane, Ciabatte, Panini, Dolci con Farine Naturali e Senza Glutine, 20 Programmi, 2 Pale Impastatrici, Temperatura di Lievitazione Controllata
B08JV9LX42;7487;CUCINA;Imetec La TostaGriglia, tostiera, Piastre XL Rigate e Antiaderenti, Interruttore ON/OFF, Spia Riscaldamento Piastre, Gancio Chiusura, Avvolgicavo, Tostapane Compatto, 900 W
B01LXNKQOL;7852;CUCINA;Imetec PaneMio Macchina del Pane, Impasta Lievita e Cuoce, 12 Programmi, Cestello Pagnotta, Accessorio Panini, 3 Livelli di Doratura, Avvio Programmabile, 550 W, Ricettario
B0711KBY99;7866;CUCINA;Imetec Personal e Sport Blender PB 100 Mini Frullatore con 2 Bottiglie Take-Away in Tritan e 4 Lame in Acciaio Inox, 22,000 giri/min
B071451JHC;7395;CUCINA;Imetec SM 1000 Soup Maker, Cuoce e Frulla, 3 Programmi Automatici, Vellutate, Zuppe e Frullati, 6 Porzioni, Lame Seghettate Acciaio Inox, con Ricettario, 900 W, 1.6 Litri
B0755CJFPL;7436;CUCINA;Imetec SP 100 Spiralizer Elettrico, Tagliaverdure a Spirale, Affetta Verdure in 3 Forme Spaghetti, Tagliatelle, Pappardelle, Lame in Acciaio Inox, Contenitore BPA Free 500 ml, Sistema di Sicurezza
B076998CD8;7862;CUCINA;Imetec Succovivo Pro 2000 Estrattore di Succo Professionale a Freddo, Spremitura Lenta 48 Giri/Min, 2 Filtri per Succhi, Accessorio per Granite e Sorbetti, Kit per Maschere Bellezza, con Ricettario
B08JV87TZW;7491;CUCINA;Imetec Succovivo SJ4 1300 Estrattore di Succo Professionale a Freddo, Spremitura Lenta 50 Giri/Min, Filtro per Succhi, Accessorio per Granite e Sorbetti, pulizia in 2 minuti
B08R7NM2SF;7486;CUCINA;Imetec Tosta&Griglia, Tostiera elettrica, piastre XL per preparare 3 toast alla volta, compatta, riponibile in verticale, 800 W, spie di funzionamento
B08JV8L49M;7493;CUCINA;Imetec TostaMaxi Tostapane, 2 Fessure Extralarge e Pinze Apribili per Toast Extrafarciti, 10 livelli di doratura, Timer con Autospegnimento, Cassetto Raccoglibriciole, 600 W
B08NPR8QNN;7473;CUCINA;Imetec TritaCompact Tritatutto, Lame in Acciaio Inox, Capienza Contenitore 400 ml, Funzionamento a Pressione, Compatto, 350 W
B08NK1L69Z;7474;CUCINA;Imetec TritaMax, Tritatutto, 4 Lame in Acciaio Inox, Capiente Contenitore 600 ml, Accessorio Frusta per Salse e Panna Montata, 2 velocità, 500 Watt
B08NPMMFWQ;7475;CUCINA;Imetec Tritapiù Tritatutto, 4 Lame in Acciaio Inox, Capiente Contenitore 600 ml, 18.000 Giri/min, Funzionamento a Pressione, 1000 W, Materiali BPA Free
B0848JZ6KP;7916T;CUCINA;Imetec Zero-Glu Pro, Macchina per Pane, Ciabatte e Panini Senza Glutine per Celiaci, Pasta Pizza, Dolci, Marmellate, 20 Programmi, 2 Pale Impastatrici, Temperatura levitazione controllata, Ricettario
B009E7CBIY;5057X;CURA DONNA;Bellissima Imetec Face Cleansing Spazzola Per Pulizia Viso, Deterge ed esfolia la pelle, Kit con 5 testine intercambiabili, Tecnologia a vibrazione sonica, Impermeabile, Beauty Bag inclusa
B00IRAFHB2;5040;CURA DONNA;Bellissima Imetec Kit Testine di Ricambio Face Cleansing per Pelli Normali e Pelli Sensibili, 4 Diverse Testine per Detergere, Massaggiare, Levigare e Idratare La Pelle
B0BLCXY3J8;16936;FLESSIBILE;Imetec Adapto Elegance, Plaid riscaldabile, Coperta elettrica, 180 x 140 cm, tessuto morbido Velvet Double Face, Risparmio energetico, Tecnologia adapto, Rapido riscaldamento, 6 temperature, Lavabile
B0BLCZ42BG;16937;FLESSIBILE;Imetec Adapto Grand Luxe, Plaid riscaldabile, Coperta elettrica, 180 x 140 cm, tessuto morbido Peluche Sherpa, Risparmio energetico, Tecnologia Adapto, Rapido riscaldamento, 6 temperature, Lavabile
B08J8ZLLDT;16776;FLESSIBILE;Imetec Adapto velvet jacquard plaid riscaldabile, coperta elettrica 140x180 cm tessuto morbido, basso consumo, tecnologia adapto, dispositivo di sicurezza, rapido riscaldamento, 6 temperature, lavabile
B08J8Z15M1;16775B;FLESSIBILE;Imetec adapto velvet square plaid riscaldabile, coperta elettrica 150x95 cm tessuto morbido, basso consumo, tecnologia adapto, dispositivo di sicurezza, rapido riscaldamento, 6 temperature, lavabile
B08J8ZH957;16777;FLESSIBILE;"imetec adapto velvet tartan plaid riscaldabile con tasca mani e piedi, coperta elettrica 150x110 cm, basso consumo, tecnologia adapto, sicuro, rapido riscaldamento, 6 temperature, lavabile
"
B08J8XJHNM;16715B;FLESSIBILE;"Imetec Adapto velvet tartan plaid riscaldabile, coperta elettrica 160x120 cm tessuto morbido, basso consumo, tecnologia adapto, dispositivo di sicurezza, rapido riscaldamento, 6 temperature, lavabile
"
B078RL1X78;16480;FLESSIBILE;Imetec BW03 Boule Elettrica Cordless, Tecnologia Ceramica, Riscaldamento Ultrarapido, Termostato di Sicurezza, Spia di Ricarica
B09CTZV4TM;16787B;FLESSIBILE;Imetec Intellisense Cervical, Termoforo per Cervicale e Spalle, Cuscino Termico, 47x52 cm, Tessuto Anallergico, 5 Temperature, Electro Block di Sicurezza, Riscaldamento Rapido, Lavabile in Lavatrice
B09CTZF711;16783;FLESSIBILE;Imetec Intellisense Comfort, Termoforo Multiuso, Cuscino Termico, per schiena e addome, Tasca per Mani, Rapido Riscaldamento, Tessuto Anallergico, 5 temperature, Electro Block di sicurezza, Lavabile
B09KV6G5KT;16785;FLESSIBILE;Imetec Intellisense Essential, Termoforo Multiuso, Cuscino Termico, 40x35 cm, Tessuto Anallergico, 5 temperature, Electro Block di sicurezza, Lavabile, 40x35 cm
B09CTZM9LJ;16784;FLESSIBILE;Imetec Intellisense XL, Termoforo Extra Large Schiena e Gambe, Cuscino termico, 38x50 cm, Tessuto micro Peluche, 5 Temperature, Electro Block di sicurezza, Riscaldamento Rapido, lavabile in lavatrice
B0B8JFYZ34;16788;FLESSIBILE;Imetec Intellisensefeet scaldapiedi, tecnologia intellisense, tessuto morbido, 5 temperature, autospegnimento, dispositivo sicurezza electro block, rivestimento lavabile in lavatrice, 52x54 cm
B07Y8GCMLG;16629A;FLESSIBILE;Imetec Scaldasonno Adapto matrimoniale 150 x 160 cm, basso consumo, riscaldamento rapido, temperatura personalizzata, 100% lana e merino, made in italy, 2 comandi separati, 6 temperature
B07Y8GH4K8;16631A;FLESSIBILE;"Imetec Scaldasonno Adapto matrimoniale 150 x 160 cm, basso consumo, tecnologia brevettata, riscaldamento rapido, temperatura personalizzata, 100% cotone, made in italy, 2 comandi con 6 temperature
"
B07Y8GQVND;16653A;FLESSIBILE;Imetec Scaldasonno Adapto matrimoniale, basso consumo, riscaldamento rapido, temperatura personalizzata, tessuto trapuntato anallergico, made in italy, 2 comandi con 6 temperature, 150 x 160 cm
B08J8XMFQN;16751B;FLESSIBILE;Imetec Scaldasonno Adapto maxi coprimaterasso matrimoniale 195 x 165 cm, basso consumo, riscaldamento rapido, temperatura personalizzata, 100% lana e merino, doppio comando, 6 temperature
B09GTTY863;16719B;FLESSIBILE;imetec scaldasonno adapto maxi coprimaterasso matrimoniale 195x165 cm, basso consumo, riscaldamento rapido, temperatura personalizzata, 100% cotone percalle trapuntato, doppio comando, 6 temperature
B08HR23S41;16729B;FLESSIBILE;Imetec Scaldasonno Adapto maxi coprimaterasso matrimoniale 195x165 cm, basso consumo, riscaldamento rapido, temperatura personalizzata, tessuto anallergico trapuntato, doppio comando, 6 temperature
B08HR1VGSR;16728B;FLESSIBILE;Imetec Scaldasonno Adapto maxi coprimaterasso singolo 195x90 cm, basso consumo, riscaldamento rapido, temperatura personalizzata, tessuto anallergico trapuntato, comando a 6 temperature
B07Y8FDGDQ;16633A;FLESSIBILE;Imetec Scaldasonno Adapto piazza e mezza 150 x 120 cm, basso consumo, tecnologia brevettata, riscaldamento rapido, temperatura personalizzata, 100 % cotone, made in italy, comando con 6 temperature
B07Y8GQMP5;16628B;FLESSIBILE;Imetec Scaldasonno Adapto singolo 150 x 80 cm, basso consumo, riscaldamento rapido, temperatura personalizzata, 100% lana e merino, made in italy, tessuto antiscivolo, comando con 6 temperature
B07Y8GR1WS;16630A;FLESSIBILE;Imetec Scaldasonno Adapto singolo 150 x 80 cm, basso consumo, tecnologia brevettata, riscaldamento rapido, temperatura personalizzata, 100% cotone, made in italy, comando con 6 temperature
B07Y8FZ6GJ;16652A;FLESSIBILE;Imetec Scaldasonno Adapto singolo 150 x 80 cm, riscaldamento rapido, temperatura costante e personalizzata, tessuto trapuntato anallergico, made in Italy, comando con 6 temperature
B0056C02MI;6015E;FLESSIBILE;Imetec Scaldasonno Matrimoniale 150x160 cm, 50% Lana e Merino, 2 Temperature, Dispositivo Sicurezza Electro Block, Made in Italy
B00K6MR6JK;6221E;FLESSIBILE;Imetec Scaldasonno Matrimoniale, 150 x 137 cm, 2 Comandi con 2 Temperature, Tessuto Trapuntato, Lavabile a Mano e in Lavatrice a 30°C
B00M975Z7K;16175;FLESSIBILE;Imetec Scaldasonno Sensitive Singolo, si Adatta ai Cambi di Temperatura, Morbido Peluche, Coprimaterasso Maxi 190 x 90, Electro Block, 6 Temperature, Timer, Risparmio Energetico, Lavabile
B0056BZZDA;6004E;FLESSIBILE;Imetec Scaldasonno Singolo 150x80 cm, Basso Consumo, 50% Lana e Merino, 2 Temperature, Dispositivo Sicurezza Electro Block, Made in Italy
B00A9269R2;6113E;FLESSIBILE;Imetec Scaldasonno Singolo, 150 x 80 cm, Comando 2 Temperature, Tessuto Trapuntato, Lavabile a Mano e in Lavatrice a 30°C
B07VGH4Z81;5811;PESAPERSONE;Imetec Body Analizer ES7 400 Bilancia Pesapersone Diagnostica, Misura Acqua Corporea, Massa Muscolare e Grassa
B07VC16GW8;5813;PESAPERSONE;Imetec Compact ES1 100 Bilancia pesapersone elettronica compatta, Design ultrasottile, Ampio LCD display, Portata Max 150 kg
B07W4JVN8S;5818;PESAPERSONE;Imetec Monitoring ES9 300 Bilancia Pesapersone Elettronica, Monitoraggio Trend Grafico Peso, 4 Utenti, fino a 180 Kg, LCD Display, Vetro Temperato
B07WBZC85N;5823;PESAPERSONE;Imetec Precision ES13 200 Bilancia pesapersone elettronica, rivela anche le minime variazioni di peso, fino a 180 Kg, LCD Display, vetro temperato, batterie incluse
B09N2JV9X3;5827;PESAPERSONE;Imetec Pro, Bilancia pesapersone meccanica, Rileva il peso in modo chiaro e affidabile, Pedana antiscivolo, Portata max 150 kg, Divisione 1 kg, Funzionamento analogico
B0BCPB5TYQ;9029;STIRO;Imetec Activation Ferro da Stiro a Vapore, Piastra Scorrevole in Ceramica e Tormalina, Colpo Vapore 200 g, Tecnologia Anticalcare ZeroCalc, Antigoccia, Eco, 2400 W
B08V11MR92;9017;STIRO;"Imetec Eco Perfect Ferro da Stiro a Vapore, Risultati Ottimi con -35% di Consumo di Acqua e -25% di Consumo Energetico, Piastra con Rivestimento Pro Ceramic, Tripla Protezione Anticalcare, 2400 W
"
B09SDHHKJZ;9030;STIRO;Imetec Intellifast, ferro da stiro a vapore, Tecnologia Intelli System, Impostazione automatica della temperatura, Piastra Ceramic Diamond, Protezione anticalcare, 2400 W, Colpo Vapore 200 g
B00GLSDCS2;9559Z;STIRO;Imetec Nuvola Ferro da Stiro da Viaggio a Vapore, Piastra in Acciaio Inossidabile da 1000 W, Custodia da Viaggio, Doppio Voltaggio
B08X6QMR36;9027;STIRO;Imetec Onda F1, Ferro da Stiro a Vapore con Piastra a Onde Scorrevole Brevettata, 2400 W, Colpo di Vapore 200g, Serbatoio 300 ml, Tripla Protezione Anticalcare
B08X6ZDL24;9028;STIRO;Imetec Onda P1 Ferro da Stiro Generatore di Vapore, Piastra a Onde Scorrevole Brevettata, 2400W, Colpo Vapore 300 g, Serbatoio 2,5L, 3 Filtri con Ioni di Argento, Tecnologia No Stop Vapor
B08HS4ZSMH;9440;STIRO;Imetec Onda F2, Ferro da Stiro a Vapore con Piastra a Onde Scorrevole Brevettata, 2400 W, Colpo di Vapore 200g, Serbatoio 300 ml, Tripla Protezione Anticalcare
B08HS61FJ5;9432;STIRO;Imetec Onda P2 Ferro da Stiro Generatore di Vapore, Piastra a Onde Scorrevole Brevettata, 2400W, Colpo Vapore 300 g, Serbatoio 2,5L, 3 Filtri con Ioni di Argento, Tecnologia No Stop Vapor
B0B1QV8TWC;9033;STIRO;Imetec Rapidvapor Ferro da Stiro Generatore di Vapore, Piastra Fluid Ceramic a Rapido Riscaldamento, Leggero, Sistema di Pulizia Calc Clean, Colpo Vapore 240 g, 2400 W, 5 Bar Pump
B07S61V42S;9009;STIRO;Imetec ZeroCalc KF1 100 Kit 3 filtri anticalcare per Ferri da Stiro Imetec ZeroCalc Pro Ceramic PS2 2400, PS2 2000, PS2 2200, Intellivapor PS3 3000, Imetec Onda, Ricambi Originali
B07P35DTPJ;9014;STIRO;Imetec ZeroCalc PS1 2000 Ferro da Stiro Compatto, 3.8 BAR, Tecnologia Anticalcare e a Risparmio Energetico, Ricarica Continua, Vapore Pronto in 1 Minuto, 2100 W, Serbatoio XL da 1 L
B07CKY9SNZ;9006;STIRO;Imetec ZeroCalc Z1 2500 Ferro da Stiro, Tecnologia Anticalcare, Piastra Inox 2200 W, Colpo Vapore 120 g
B07PPC54RD;9012;STIRO;Imetec ZeroCalc Z1 2800 Ferro da Stiro con Tecnologia Anticalcare, Piastra Ceramica ad Alta Scorrevolezza, Tecnologia a Risparmio Energetico, 2200 W, Colpo Vapore 130 g
B07CKRCMB7;9246;STIRO;Imetec Zerocalc Z3 3500 Ferro Da Stiro, Tecnologia Anticalcare, Piastra Inox 2400 W, Colpo Vapore 150 g
B07MZGRDJ4;9013;STIRO;Imetec Zerocalc Z3 3700 Ferro da Stiro, Tecnologia Anticalcare, Piastra Ceramica ad Alta Scorrevolezza, 2400W, Colpo Vapore 160 G, 0,3 litri, Dispositivo Antigoccia Tecnologia a Risparmio Energetico
B07NYRRF1Y;9245;STIRO;Imetec ZeroCalc Z3 3900 Ferro da Stiro a Vapore, Tecnologia Anticalcare, Tecnologia Intellivapor (temperatura unica ideale per tutti i tessuti), Piastra Ceramica, 2400 W, Colpo Vapore 170 g